[{"line":1,"elements":[{"start_timestamp":"2023-10-12T11:18:56.311Z","line":3,"name":"Logo Presence on OrangeHRM home page","description":"","id":"first-login;logo-presence-on-orangehrm-home-page","type":"scenario","keyword":"Scenario","steps":[{"result":{"duration":2000600,"status":"passed"},"line":4,"name":"I launch chrome browser","match":{"location":"StepDefinitions.FirstStep.i_launch_chrome_browser()"},"keyword":"Given "},{"result":{"duration":998900,"status":"passed"},"line":5,"name":"I open Orange HRM home page","match":{"location":"StepDefinitions.FirstStep.i_open_orange_hrm_home_page()"},"keyword":"When "},{"result":{"duration":1000200,"status":"passed"},"line":6,"name":"I verify the logo presence on page","match":{"location":"StepDefinitions.FirstStep.i_verify_the_logo_presence_on_page()"},"keyword":"Then "},{"result":{"duration":999500,"status":"passed"},"line":7,"name":"Close Browser","match":{"location":"StepDefinitions.FirstStep.close_browser()"},"keyword":"And "}]}],"name":"First Login","description":"","id":"first-login","keyword":"Feature","uri":"file:src/test/java/feature/First.feature","tags":[]}]